onset	duration	sample	type	value
5.43166666666667	n/a	3260	frontpanel trigger	128
5.43166666666667	n/a	3260	UPPT001	128
5.43166666666667	0	3260	trigger	n/a
305.478333333333	n/a	183288	frontpanel trigger	96
305.478333333333	n/a	183288	UPPT001	96
