onset	duration	sample	type	value
20.2083333333333	n/a	12126	frontpanel trigger	128
20.2083333333333	n/a	12126	UPPT001	128
20.2083333333333	0	12126	trigger	n/a
320.241666666667	n/a	192146	frontpanel trigger	96
320.241666666667	n/a	192146	UPPT001	96
